engine,sample_id,audio_path,transcript,elapsed_seconds,real_time_factor,info,reference,wer,cer
mlx_whisper,nl-0000,dataset_cache/nl/audio/nl-0000.mp3,Bij de schietkraam hadden ze een grote teddybeer gewonnen.,0.8686010837554932,,"{'model': 'mlx-community/whisper-large-v3-turbo', 'language': 'nl'}",Bij de schietkraam hadden ze een grote teddybeer gewonnen.,0.0,0.0
faster_whisper,nl-0000,dataset_cache/nl/audio/nl-0000.mp3,Bij de schietkraam hadden ze een grote teddybear gewonnen.,1.3710293769836426,,"{'model': 'guillaumekln/faster-whisper-small', 'language': 'nl'}",Bij de schietkraam hadden ze een grote teddybeer gewonnen.,0.1111111111111111,0.017241379310344827
faster_whisper_large,nl-0000,dataset_cache/nl/audio/nl-0000.mp3,Bij de schietkraam hadden ze een grote teddybeer gewonnen.,6.141258001327515,,"{'model': 'guillaumekln/faster-whisper-large-v2', 'language': 'nl'}",Bij de schietkraam hadden ze een grote teddybeer gewonnen.,0.0,0.0
whisper_cpp,nl-0000,dataset_cache/nl/audio/nl-0000.mp3,Bij de schietkraam hadden ze een grote teddybeer gewonnen.,123.3468267917633,,"{'model': 'large-v1', 'language': 'nl'}",Bij de schietkraam hadden ze een grote teddybeer gewonnen.,0.0,0.0
mlx_whisper,nl-0001,dataset_cache/nl/audio/nl-0001.mp3,U weet dat ik het vragenrechten als een fundamenteel parlementair recht beschouw.,0.5546088218688965,,"{'model': 'mlx-community/whisper-large-v3-turbo', 'language': 'nl'}",U weet dat ik het vragenrecht als een fundamenteel parlementair recht beschouw.,0.08333333333333333,0.02531645569620253
faster_whisper,nl-0001,dataset_cache/nl/audio/nl-0001.mp3,U weet dat ik het vragen rechte als een fundamenteel parlementaire recht is gaan.,1.0730259418487549,,"{'model': 'guillaumekln/faster-whisper-small', 'language': 'nl'}",U weet dat ik het vragenrecht als een fundamenteel parlementair recht beschouw.,0.4166666666666667,0.12658227848101267
faster_whisper_large,nl-0001,dataset_cache/nl/audio/nl-0001.mp3,U weet dat ik het vragenrechten als een fundamenteel parlementair recht beschouw.,4.681268930435181,,"{'model': 'guillaumekln/faster-whisper-large-v2', 'language': 'nl'}",U weet dat ik het vragenrecht als een fundamenteel parlementair recht beschouw.,0.08333333333333333,0.02531645569620253
whisper_cpp,nl-0001,dataset_cache/nl/audio/nl-0001.mp3,U weet dat ik het vragenrechten als een normaal parlementair recht beschouw.,2.077348232269287,,"{'model': 'large-v1', 'language': 'nl'}",U weet dat ik het vragenrecht als een fundamenteel parlementair recht beschouw.,0.16666666666666666,0.13924050632911392
mlx_whisper,nl-0002,dataset_cache/nl/audio/nl-0002.mp3,Ik heb er geen enkel bezwaar tegen dat wij ons daarover samen blijven bezinnen.,0.5248219966888428,,"{'model': 'mlx-community/whisper-large-v3-turbo', 'language': 'nl'}",Ik heb er geen enkel bezwaar tegen dat wij ons daarover samen blijven bezinnen.,0.0,0.0
faster_whisper,nl-0002,dataset_cache/nl/audio/nl-0002.mp3,Ik heb er geen enkel beswaar tegen dat wij ons daarover samen blijven bezinnen.,1.0864758491516113,,"{'model': 'guillaumekln/faster-whisper-small', 'language': 'nl'}",Ik heb er geen enkel bezwaar tegen dat wij ons daarover samen blijven bezinnen.,0.07142857142857142,0.012658227848101266
faster_whisper_large,nl-0002,dataset_cache/nl/audio/nl-0002.mp3,Ik heb er geen enkel bezwaar tegen dat wij ons daarover samen blijven bezinnen.,4.726864814758301,,"{'model': 'guillaumekln/faster-whisper-large-v2', 'language': 'nl'}",Ik heb er geen enkel bezwaar tegen dat wij ons daarover samen blijven bezinnen.,0.0,0.0
whisper_cpp,nl-0002,dataset_cache/nl/audio/nl-0002.mp3,Ik heb er geen enkel bezwaar tegen dat wij ons daarover samen blijven bezinnen.,2.0801711082458496,,"{'model': 'large-v1', 'language': 'nl'}",Ik heb er geen enkel bezwaar tegen dat wij ons daarover samen blijven bezinnen.,0.0,0.0
mlx_whisper,nl-0003,dataset_cache/nl/audio/nl-0003.mp3,Het was mooi om te zien dat ze elkaar na al die jaren nog even graag zagen.,0.523838996887207,,"{'model': 'mlx-community/whisper-large-v3-turbo', 'language': 'nl'}",Het was mooi om te zien dat ze elkaar na al die jaren nog even graag zagen.,0.0,0.0
faster_whisper,nl-0003,dataset_cache/nl/audio/nl-0003.mp3,Het was mooi om te zien dat ze elkaar na al die jaren nog even graag zagen.,1.0322399139404297,,"{'model': 'guillaumekln/faster-whisper-small', 'language': 'nl'}",Het was mooi om te zien dat ze elkaar na al die jaren nog even graag zagen.,0.0,0.0
faster_whisper_large,nl-0003,dataset_cache/nl/audio/nl-0003.mp3,Het was mooi om te zien dat ze elkaar na al die jaren nog even graag zagen.,4.716017246246338,,"{'model': 'guillaumekln/faster-whisper-large-v2', 'language': 'nl'}",Het was mooi om te zien dat ze elkaar na al die jaren nog even graag zagen.,0.0,0.0
whisper_cpp,nl-0003,dataset_cache/nl/audio/nl-0003.mp3,Het was mooi om te zien dat ze elkaar na al die jaren nog even graag zagen.,2.0804553031921387,,"{'model': 'large-v1', 'language': 'nl'}",Het was mooi om te zien dat ze elkaar na al die jaren nog even graag zagen.,0.0,0.0
mlx_whisper,nl-0004,dataset_cache/nl/audio/nl-0004.mp3,Het gemeentehuis kan je vinden op de markt.,0.49085497856140137,,"{'model': 'mlx-community/whisper-large-v3-turbo', 'language': 'nl'}",Het gemeentehuis kan je vinden op de markt.,0.0,0.0
faster_whisper,nl-0004,dataset_cache/nl/audio/nl-0004.mp3,Het gemeentehuis kan je vinden op de markt.,0.8141570091247559,,"{'model': 'guillaumekln/faster-whisper-small', 'language': 'nl'}",Het gemeentehuis kan je vinden op de markt.,0.0,0.0
faster_whisper_large,nl-0004,dataset_cache/nl/audio/nl-0004.mp3,Het gemeentehuis kan je vinden op de markt.,3.6829607486724854,,"{'model': 'guillaumekln/faster-whisper-large-v2', 'language': 'nl'}",Het gemeentehuis kan je vinden op de markt.,0.0,0.0
whisper_cpp,nl-0004,dataset_cache/nl/audio/nl-0004.mp3,Het gemeentehuis kan je vinden op de markt.,1.5770187377929688,,"{'model': 'large-v1', 'language': 'nl'}",Het gemeentehuis kan je vinden op de markt.,0.0,0.0
mlx_whisper,nl-0005,dataset_cache/nl/audio/nl-0005.mp3,Om het vuur te doven gebruik je een brandblesser.,0.48732519149780273,,"{'model': 'mlx-community/whisper-large-v3-turbo', 'language': 'nl'}",Om het vuur te doven gebruik je een brandblusser.,0.1111111111111111,0.02040816326530612
faster_whisper,nl-0005,dataset_cache/nl/audio/nl-0005.mp3,Om het vuur te doven gebruik je een brandblusser.,0.9014601707458496,,"{'model': 'guillaumekln/faster-whisper-small', 'language': 'nl'}",Om het vuur te doven gebruik je een brandblusser.,0.0,0.0
faster_whisper_large,nl-0005,dataset_cache/nl/audio/nl-0005.mp3,Om het vuur te doven gebruik je een brandblusser.,3.9698679447174072,,"{'model': 'guillaumekln/faster-whisper-large-v2', 'language': 'nl'}",Om het vuur te doven gebruik je een brandblusser.,0.0,0.0
whisper_cpp,nl-0005,dataset_cache/nl/audio/nl-0005.mp3,Om het vuur te doven gebruik je een brandblusser.,1.5691399574279785,,"{'model': 'large-v1', 'language': 'nl'}",Om het vuur te doven gebruik je een brandblusser.,0.0,0.0
mlx_whisper,nl-0006,dataset_cache/nl/audio/nl-0006.mp3,Mycroft is beter dan Alexa en Google.,0.4559202194213867,,"{'model': 'mlx-community/whisper-large-v3-turbo', 'language': 'nl'}",Mycroft is beter dan Alexa en Google.,0.0,0.0
faster_whisper,nl-0006,dataset_cache/nl/audio/nl-0006.mp3,Mijn grofd is beter dan Alexa en Google.,0.7870421409606934,,"{'model': 'guillaumekln/faster-whisper-small', 'language': 'nl'}",Mycroft is beter dan Alexa en Google.,0.2857142857142857,0.16216216216216217
faster_whisper_large,nl-0006,dataset_cache/nl/audio/nl-0006.mp3,Mycroft is beter dan Alexa en Google.,3.4096767902374268,,"{'model': 'guillaumekln/faster-whisper-large-v2', 'language': 'nl'}",Mycroft is beter dan Alexa en Google.,0.0,0.0
whisper_cpp,nl-0006,dataset_cache/nl/audio/nl-0006.mp3,Mycroft is beter dan Alexa en Google.,1.5626330375671387,,"{'model': 'large-v1', 'language': 'nl'}",Mycroft is beter dan Alexa en Google.,0.0,0.0
mlx_whisper,nl-0007,dataset_cache/nl/audio/nl-0007.mp3,Maar er zijn ook veel goede voorbeelden.,0.4882931709289551,,"{'model': 'mlx-community/whisper-large-v3-turbo', 'language': 'nl'}",Maar er zijn ook veel goede voorbeelden.,0.0,0.0
faster_whisper,nl-0007,dataset_cache/nl/audio/nl-0007.mp3,Maar er zijn ook veel goede voorbeelden.,0.7873489856719971,,"{'model': 'guillaumekln/faster-whisper-small', 'language': 'nl'}",Maar er zijn ook veel goede voorbeelden.,0.0,0.0
faster_whisper_large,nl-0007,dataset_cache/nl/audio/nl-0007.mp3,Maar er zijn ook veel goede voorbeelden.,3.535323143005371,,"{'model': 'guillaumekln/faster-whisper-large-v2', 'language': 'nl'}",Maar er zijn ook veel goede voorbeelden.,0.0,0.0
whisper_cpp,nl-0007,dataset_cache/nl/audio/nl-0007.mp3,Maar er zijn ook veel goede voorbeelden.,1.5902073383331299,,"{'model': 'large-v1', 'language': 'nl'}",Maar er zijn ook veel goede voorbeelden.,0.0,0.0
mlx_whisper,nl-0008,dataset_cache/nl/audio/nl-0008.mp3,Ik wil mijn collega's danken voor de prettige samenwerking.,0.4868948459625244,,"{'model': 'mlx-community/whisper-large-v3-turbo', 'language': 'nl'}",Ik wil mijn collega's danken voor de prettige samenwerking.,0.0,0.0
faster_whisper,nl-0008,dataset_cache/nl/audio/nl-0008.mp3,Ik wil mijn collega's danken voor de prettige samenwerking.,0.8668041229248047,,"{'model': 'guillaumekln/faster-whisper-small', 'language': 'nl'}",Ik wil mijn collega's danken voor de prettige samenwerking.,0.0,0.0
faster_whisper_large,nl-0008,dataset_cache/nl/audio/nl-0008.mp3,Ik wil mijn collega's danken voor de prettige samenwerking.,4.004637241363525,,"{'model': 'guillaumekln/faster-whisper-large-v2', 'language': 'nl'}",Ik wil mijn collega's danken voor de prettige samenwerking.,0.0,0.0
whisper_cpp,nl-0008,dataset_cache/nl/audio/nl-0008.mp3,Ik wil mijn collega's danken voor de prettige samenwerking.,1.5723199844360352,,"{'model': 'large-v1', 'language': 'nl'}",Ik wil mijn collega's danken voor de prettige samenwerking.,0.0,0.0
mlx_whisper,nl-0009,dataset_cache/nl/audio/nl-0009.mp3,Ik doe een beroep op de afgevaardigden om de minister-president dit respect te tonen.,0.4857211112976074,,"{'model': 'mlx-community/whisper-large-v3-turbo', 'language': 'nl'}",Ik doe een beroep op de afgevaardigden om de minister-president dit respect te tonen.,0.0,0.0
faster_whisper,nl-0009,dataset_cache/nl/audio/nl-0009.mp3,Ik doe een beroep op de afgevaardigde om de minister-president dit respect te tonen.,1.1521897315979004,,"{'model': 'guillaumekln/faster-whisper-small', 'language': 'nl'}",Ik doe een beroep op de afgevaardigden om de minister-president dit respect te tonen.,0.07142857142857142,0.011764705882352941
faster_whisper_large,nl-0009,dataset_cache/nl/audio/nl-0009.mp3,Ik doe een beroep op de afgevaardigden om de minister-president dit respect te tonen.,5.238399982452393,,"{'model': 'guillaumekln/faster-whisper-large-v2', 'language': 'nl'}",Ik doe een beroep op de afgevaardigden om de minister-president dit respect te tonen.,0.0,0.0
whisper_cpp,nl-0009,dataset_cache/nl/audio/nl-0009.mp3,Ik doe een beroep op de afgevaardigden om de minister-president dit respect te tonen.,2.073256015777588,,"{'model': 'large-v1', 'language': 'nl'}",Ik doe een beroep op de afgevaardigden om de minister-president dit respect te tonen.,0.0,0.0
